title_deletion_date,collection_creation_date,title_added_date,is_title_deleted,is_collection_discoverable,last_modified_date,product_name,collection_name,collection_description,total_items_in_collection,is_public_collection,is_collection_archived,profile_name,content_delivery_type,ASIN,collection_type,marketplace,collection_id
"Not Available","2023-10-09T15:46:43Z","Not Available","Not Available","No","2025-10-04T06:16:40Z","Not Available","Pending Items Not In Library","Titles that the user has ordered but are awaiting fulfillment","0","No","Not Available","Alex","Not Available","Not Available","PermanentCollection","www.audible.com","PENDING"
"2025-10-04T06:16:40Z","Not Available","2025-10-04T06:06:38Z","Yes","Not Available","2025-10-04T06:16:40Z","August Lane","Not Available","Not Available","Not Available","Not Available","No","Alex","SinglePartBook","B0DMCDS72D","Not Available","Not Available","PENDING"
"2025-10-03T00:04:35Z","Not Available","2025-10-02T23:54:34Z","Yes","Not Available","2025-10-03T00:04:35Z","Tourist Season","Not Available","Not Available","Not Available","Not Available","No","Alex","SinglePartBook","B0FHQM7TH7","Not Available","Not Available","PENDING"
"2025-08-18T20:12:55Z","Not Available","2025-08-18T20:02:53Z","Yes","Not Available","2025-08-18T20:12:55Z","Daisy Jones & The Six","Not Available","Not Available","Not Available","Not Available","No","Alex","SinglePartBook","1984845306","Not Available","Not Available","PENDING"
"2025-07-26T23:01:49Z","Not Available","2025-07-26T22:51:49Z","Yes","Not Available","2025-07-26T23:01:49Z","Unhinged","Not Available","Not Available","Not Available","Not Available","No","Alex","SinglePartBook","B0F8C72JJ2","Not Available","Not Available","PENDING"
"2025-06-24T11:34:42Z","Not Available","2025-06-24T11:24:40Z","Yes","Not Available","2025-06-24T11:34:42Z","Severed Heart: The Birth of a Warrior","Not Available","Not Available","Not Available","Not Available","No","Alex","MultiPartBook","B0F1QG8BGG","Not Available","Not Available","PENDING"
"Not Available","2024-03-16T01:24:02Z","Not Available","Not Available","No","2025-06-08T00:46:19Z","Not Available","All You Can Listen","Titles Added from an All You Can Listen Membership","64","No","Not Available","Alex","Not Available","Not Available","PermanentCollection","www.audible.com","AYCL"
"Not Available","Not Available","2025-06-08T00:46:19Z","No","Not Available","2025-06-08T00:46:19Z","Billionaire for Sale","Not Available","Not Available","Not Available","Not Available","No","Alex","SinglePartBook","B0F5ZM2WM3","Not Available","Not Available","AYCL"
"Not Available","Not Available","2025-05-30T02:39:47Z","No","Not Available","2025-05-30T02:39:47Z","The Best Wrong Move","Not Available","Not Available","Not Available","Not Available","No","Alex","SinglePartBook","B0F62FMG3T","Not Available","Not Available","AYCL"
"Not Available","Not Available","2025-05-30T02:39:41Z","No","Not Available","2025-05-30T02:39:41Z","The Anatomy of Us","Not Available","Not Available","Not Available","Not Available","No","Alex","SinglePartBook","B0F5BCHBXH","Not Available","Not Available","AYCL"
"Not Available","Not Available","2025-05-30T02:39:06Z","No","Not Available","2025-05-30T02:39:06Z","Better Luck Next Time","Not Available","Not Available","Not Available","Not Available","No","Alex","SinglePartBook","B0DXQXCCL8","Not Available","Not Available","AYCL"
"2025-04-24T21:30:28Z","Not Available","2025-04-24T21:20:26Z","Yes","Not Available","2025-04-24T21:30:28Z","The Dream Guy Next Door","Not Available","Not Available","Not Available","Not Available","No","Alex","SinglePartBook","B08MB7181Y","Not Available","Not Available","PENDING"
"2025-04-24T21:29:13Z","Not Available","2025-04-24T21:19:12Z","Yes","Not Available","2025-04-24T21:29:13Z","Love, Rebooted","Not Available","Not Available","Not Available","Not Available","No","Alex","SinglePartBook","B0F1NK1X5W","Not Available","Not Available","PENDING"
"Not Available","Not Available","2025-04-24T21:20:26Z","No","Not Available","2025-04-24T21:20:26Z","The Dream Guy Next Door","Not Available","Not Available","Not Available","Not Available","No","Alex","SinglePartBook","B08MB7181Y","Not Available","Not Available","AYCL"
"Not Available","Not Available","2025-04-24T21:19:12Z","No","Not Available","2025-04-24T21:19:12Z","Love, Rebooted","Not Available","Not Available","Not Available","Not Available","No","Alex","SinglePartBook","B0F1NK1X5W","Not Available","Not Available","AYCL"
"2025-04-19T15:30:33Z","Not Available","2025-04-19T15:20:40Z","Yes","Not Available","2025-04-19T15:30:33Z","One Last Rainy Day: The Legacy of a Prince","Not Available","Not Available","Not Available","Not Available","No","Alex","SinglePartBook","B0CCZL4CGM","Not Available","Not Available","PENDING"
"Not Available","Not Available","2025-03-14T17:26:35Z","No","Not Available","2025-03-14T17:26:35Z","Consider Me","Not Available","Not Available","Not Available","Not Available","No","Alex","MultiPartBook","B0B99MVBT5","Not Available","Not Available","AYCL"
"2025-02-25T15:30:16Z","Not Available","2025-02-25T15:20:15Z","Yes","Not Available","2025-02-25T15:30:16Z","Quicksilver","Not Available","Not Available","Not Available","Not Available","No","Alex","MultiPartBook","B0DBJ8Y2K1","Not Available","Not Available","PENDING"
"2025-02-21T21:07:38Z","Not Available","2025-02-21T20:58:05Z","Yes","Not Available","2025-02-21T21:07:38Z","Wild Eyes","Not Available","Not Available","Not Available","Not Available","No","Alex","SinglePartBook","B0D98QJPWL","Not Available","Not Available","PENDING"
"2025-02-11T22:34:35Z","Not Available","2025-02-11T22:24:40Z","Yes","Not Available","2025-02-11T22:34:35Z","Scythe & Sparrow","Not Available","Not Available","Not Available","Not Available","No","Alex","SinglePartBook","B0D7MZ68LQ","Not Available","Not Available","PENDING"
"2025-02-07T21:31:28Z","Not Available","2025-02-07T21:21:27Z","Yes","Not Available","2025-02-07T21:31:28Z","Misdirected","Not Available","Not Available","Not Available","Not Available","No","Alex","SinglePartBook","B0DPQ6JVX9","Not Available","Not Available","PENDING"
"2025-02-07T21:31:02Z","Not Available","2025-02-07T21:21:00Z","Yes","Not Available","2025-02-07T21:31:02Z","Always a Bridesmaid","Not Available","Not Available","Not Available","Not Available","No","Alex","SinglePartBook","B0DTLPGW66","Not Available","Not Available","PENDING"
"Not Available","Not Available","2025-02-07T21:21:27Z","No","Not Available","2025-02-07T21:21:27Z","Misdirected","Not Available","Not Available","Not Available","Not Available","No","Alex","SinglePartBook","B0DPQ6JVX9","Not Available","Not Available","AYCL"
"Not Available","Not Available","2025-02-07T21:21:00Z","No","Not Available","2025-02-07T21:21:00Z","Always a Bridesmaid","Not Available","Not Available","Not Available","Not Available","No","Alex","SinglePartBook","B0DTLPGW66","Not Available","Not Available","AYCL"
"2025-02-02T20:28:35Z","Not Available","2025-02-02T20:18:42Z","Yes","Not Available","2025-02-02T20:28:35Z","House of Flame and Shadow","Not Available","Not Available","Not Available","Not Available","No","Alex","MultiPartBook","B0CGSXFQYY","Not Available","Not Available","PENDING"
"2025-01-31T20:51:15Z","Not Available","2025-01-31T20:41:19Z","Yes","Not Available","2025-01-31T20:51:15Z","House of Sky and Breath","Not Available","Not Available","Not Available","Not Available","No","Alex","MultiPartBook","B09MZPZ1WG","Not Available","Not Available","PENDING"
"2025-01-28T21:02:44Z","Not Available","2025-01-28T20:52:49Z","Yes","Not Available","2025-01-28T21:02:44Z","House of Earth and Blood","Not Available","Not Available","Not Available","Not Available","No","Alex","MultiPartBook","B082YHZPTY","Not Available","Not Available","PENDING"
"2025-01-06T07:43:06Z","Not Available","2025-01-06T07:33:13Z","Yes","Not Available","2025-01-06T07:43:06Z","Kingdom of Ash","Not Available","Not Available","Not Available","Not Available","No","Alex","MultiPartBook","B07J682QY2","Not Available","Not Available","PENDING"
"2025-01-03T19:52:53Z","Not Available","2025-01-03T19:42:52Z","Yes","Not Available","2025-01-03T19:52:53Z","Tower of Dawn","Not Available","Not Available","Not Available","Not Available","No","Alex","MultiPartBook","B0759X8K2X","Not Available","Not Available","PENDING"
"2024-12-31T06:52:33Z","Not Available","2024-12-31T06:42:43Z","Yes","Not Available","2024-12-31T06:52:33Z","Empire of Storms","Not Available","Not Available","Not Available","Not Available","No","Alex","MultiPartBook","B01KIQVHL6","Not Available","Not Available","PENDING"
"2024-12-29T20:08:06Z","Not Available","2024-12-29T19:58:11Z","Yes","Not Available","2024-12-29T20:08:06Z","Queen of Shadows","Not Available","Not Available","Not Available","Not Available","No","Alex","MultiPartBook","B012BTUEVC","Not Available","Not Available","PENDING"
"2024-12-18T18:31:51Z","Not Available","2024-12-18T18:21:50Z","Yes","Not Available","2024-12-18T18:31:51Z","The Naughty, the Nice and the Nanny","Not Available","Not Available","Not Available","Not Available","No","Alex","SinglePartBook","B09WJDNY19","Not Available","Not Available","PENDING"
"2024-12-18T18:30:55Z","Not Available","2024-12-18T18:20:54Z","Yes","Not Available","2024-12-18T18:30:55Z","How to Lose a Guy Before Christmas","Not Available","Not Available","Not Available","Not Available","No","Alex","SinglePartBook","B0CMZ1QRHD","Not Available","Not Available","PENDING"
"2024-12-18T18:30:23Z","Not Available","2024-12-18T18:20:21Z","Yes","Not Available","2024-12-18T18:30:23Z","Not Another Christmas Rom Com","Not Available","Not Available","Not Available","Not Available","No","Alex","SinglePartBook","B0DKKJ8HR3","Not Available","Not Available","PENDING"
"Not Available","Not Available","2024-12-18T18:21:50Z","No","Not Available","2024-12-18T18:21:50Z","The Naughty, the Nice and the Nanny","Not Available","Not Available","Not Available","Not Available","No","Alex","SinglePartBook","B09WJDNY19","Not Available","Not Available","AYCL"
"Not Available","Not Available","2024-12-18T18:20:54Z","No","Not Available","2024-12-18T18:20:54Z","How to Lose a Guy Before Christmas","Not Available","Not Available","Not Available","Not Available","No","Alex","SinglePartBook","B0CMZ1QRHD","Not Available","Not Available","AYCL"
"Not Available","Not Available","2024-12-18T18:20:21Z","No","Not Available","2024-12-18T18:20:21Z","Not Another Christmas Rom Com","Not Available","Not Available","Not Available","Not Available","No","Alex","SinglePartBook","B0DKKJ8HR3","Not Available","Not Available","AYCL"
"2024-12-08T04:26:00Z","Not Available","2024-12-08T04:16:06Z","Yes","Not Available","2024-12-08T04:26:00Z","The Words","Not Available","Not Available","Not Available","Not Available","No","Alex","MultiPartBook","B09ZVK42N4","Not Available","Not Available","PENDING"
"2024-12-06T21:00:56Z","Not Available","2024-12-06T20:51:00Z","Yes","Not Available","2024-12-06T21:00:56Z","The Chase","Not Available","Not Available","Not Available","Not Available","No","Alex","SinglePartBook","B07P7WSW79","Not Available","Not Available","PENDING"
"Not Available","2023-10-09T15:47:43Z","Not Available","Not Available","No","2024-12-06T03:29:11Z","Not Available","Items a User has Purchased","Titles which have been ordered and fulfilled successfully","31","No","Not Available","Alex","Not Available","Not Available","PermanentCollection","www.audible.com","PURCHASE"
"2024-12-06T03:29:11Z","Not Available","2024-03-29T21:25:15Z","Yes","Not Available","2024-12-06T03:29:11Z","Burn for You","Not Available","Not Available","Not Available","Not Available","No","Alex","SinglePartBook","B075VCGDC3","Not Available","Not Available","PURCHASE"
"2024-12-03T20:35:23Z","Not Available","2024-12-03T20:25:31Z","Yes","Not Available","2024-12-03T20:35:23Z","Hawke","Not Available","Not Available","Not Available","Not Available","No","Alex","MultiPartBook","B0CQQ7H29X","Not Available","Not Available","PENDING"
"2024-12-03T01:34:24Z","Not Available","2024-12-03T01:24:22Z","Yes","Not Available","2024-12-03T01:34:24Z","Dude in Distress","Not Available","Not Available","Not Available","Not Available","No","Alex","SinglePartBook","B08X4XBM4P","Not Available","Not Available","PENDING"
"Not Available","Not Available","2024-12-03T01:24:22Z","No","Not Available","2024-12-03T01:24:22Z","Dude in Distress","Not Available","Not Available","Not Available","Not Available","No","Alex","SinglePartBook","B08X4XBM4P","Not Available","Not Available","AYCL"
"2024-12-01T05:40:11Z","Not Available","2024-12-01T05:30:16Z","Yes","Not Available","2024-12-01T05:40:11Z","Lights Out","Not Available","Not Available","Not Available","Not Available","No","Alex","MultiPartBook","B0D7WG8WD1","Not Available","Not Available","PENDING"
"2024-11-04T23:28:17Z","Not Available","2024-11-04T23:18:15Z","Yes","Not Available","2024-11-04T23:28:17Z","Kill Switch","Not Available","Not Available","Not Available","Not Available","No","Alex","MultiPartBook","1541407601","Not Available","Not Available","PENDING"
"Not Available","Not Available","2024-11-04T23:18:15Z","No","Not Available","2024-11-04T23:18:15Z","Kill Switch","Not Available","Not Available","Not Available","Not Available","No","Alex","MultiPartBook","1541407601","Not Available","Not Available","AYCL"
"2024-11-03T17:36:05Z","Not Available","2024-11-03T17:26:03Z","Yes","Not Available","2024-11-03T17:36:05Z","Hideaway","Not Available","Not Available","Not Available","Not Available","No","Alex","MultiPartBook","B07DCZNS2F","Not Available","Not Available","PENDING"
"Not Available","Not Available","2024-11-03T17:26:03Z","No","Not Available","2024-11-03T17:26:03Z","Hideaway","Not Available","Not Available","Not Available","Not Available","No","Alex","MultiPartBook","B07DCZNS2F","Not Available","Not Available","AYCL"
"2024-11-01T21:17:02Z","Not Available","2024-11-01T21:07:01Z","Yes","Not Available","2024-11-01T21:17:02Z","Sweet Mercy","Not Available","Not Available","Not Available","Not Available","No","Alex","SinglePartBook","B09Z39MZ4F","Not Available","Not Available","PENDING"
"2024-11-01T21:15:58Z","Not Available","2024-11-01T21:05:57Z","Yes","Not Available","2024-11-01T21:15:58Z","Blurred Lines","Not Available","Not Available","Not Available","Not Available","No","Alex","SinglePartBook","B017OBNT8W","Not Available","Not Available","PENDING"
"2024-11-01T21:14:35Z","Not Available","2024-11-01T21:04:33Z","Yes","Not Available","2024-11-01T21:14:35Z","Puck Me Secretly","Not Available","Not Available","Not Available","Not Available","No","Alex","SinglePartBook","1977319556","Not Available","Not Available","PENDING"
"2024-11-01T21:14:06Z","Not Available","2024-11-01T21:04:04Z","Yes","Not Available","2024-11-01T21:14:06Z","Pretty Little Savage","Not Available","Not Available","Not Available","Not Available","No","Alex","MultiPartBook","1705287484","Not Available","Not Available","PENDING"
"2024-11-01T21:12:40Z","Not Available","2024-11-01T21:02:38Z","Yes","Not Available","2024-11-01T21:12:40Z","Corrupt","Not Available","Not Available","Not Available","Not Available","No","Alex","MultiPartBook","B01CZ0WTEM","Not Available","Not Available","PENDING"
"2024-11-01T21:10:59Z","Not Available","2024-11-01T21:00:58Z","Yes","Not Available","2024-11-01T21:10:59Z","Drop Dead","Not Available","Not Available","Not Available","Not Available","No","Alex","SinglePartBook","B0D6HCPSN6","Not Available","Not Available","PENDING"
"Not Available","Not Available","2024-11-01T21:07:01Z","No","Not Available","2024-11-01T21:07:01Z","Sweet Mercy","Not Available","Not Available","Not Available","Not Available","No","Alex","SinglePartBook","B09Z39MZ4F","Not Available","Not Available","AYCL"
"Not Available","Not Available","2024-11-01T21:05:58Z","No","Not Available","2024-11-01T21:05:58Z","Blurred Lines","Not Available","Not Available","Not Available","Not Available","No","Alex","SinglePartBook","B017OBNT8W","Not Available","Not Available","AYCL"
"Not Available","Not Available","2024-11-01T21:04:33Z","No","Not Available","2024-11-01T21:04:33Z","Puck Me Secretly","Not Available","Not Available","Not Available","Not Available","No","Alex","SinglePartBook","1977319556","Not Available","Not Available","AYCL"
"Not Available","Not Available","2024-11-01T21:04:04Z","No","Not Available","2024-11-01T21:04:04Z","Pretty Little Savage","Not Available","Not Available","Not Available","Not Available","No","Alex","MultiPartBook","1705287484","Not Available","Not Available","AYCL"
"Not Available","Not Available","2024-11-01T21:02:38Z","No","Not Available","2024-11-01T21:02:38Z","Corrupt","Not Available","Not Available","Not Available","Not Available","No","Alex","MultiPartBook","B01CZ0WTEM","Not Available","Not Available","AYCL"
"Not Available","Not Available","2024-11-01T21:00:58Z","No","Not Available","2024-11-01T21:00:58Z","Drop Dead","Not Available","Not Available","Not Available","Not Available","No","Alex","SinglePartBook","B0D6HCPSN6","Not Available","Not Available","AYCL"
"2024-10-15T04:10:21Z","Not Available","2024-10-15T04:00:20Z","Yes","Not Available","2024-10-15T04:10:21Z","A Court of Thorns and Roses (Part 1 of 2) (Dramatized Adaptation)","Not Available","Not Available","Not Available","Not Available","No","Alex","SinglePartBook","B09V5PW83R","Not Available","Not Available","PENDING"
"Not Available","Not Available","2024-10-15T04:00:20Z","No","Not Available","2024-10-15T04:00:20Z","A Court of Thorns and Roses (Part 1 of 2) (Dramatized Adaptation)","Not Available","Not Available","Not Available","Not Available","No","Alex","SinglePartBook","B09V5PW83R","Not Available","Not Available","AYCL"
"2024-10-03T23:41:01Z","Not Available","2024-10-03T23:31:00Z","Yes","Not Available","2024-10-03T23:41:01Z","A Court of Thorns and Roses","Not Available","Not Available","Not Available","Not Available","No","Alex","MultiPartBook","B00WRHY15Y","Not Available","Not Available","PENDING"
"Not Available","Not Available","2024-10-03T23:31:00Z","No","Not Available","2024-10-03T23:31:00Z","A Court of Thorns and Roses","Not Available","Not Available","Not Available","Not Available","No","Alex","MultiPartBook","B00WRHY15Y","Not Available","Not Available","AYCL"
"Not Available","Not Available","2024-10-03T02:19:48Z","No","Not Available","2024-10-03T02:19:48Z","Defenseless Hearts","Not Available","Not Available","Not Available","Not Available","No","Alex","SinglePartBook","1705277683","Not Available","Not Available","AYCL"
"2024-08-08T12:48:45Z","Not Available","2024-08-08T12:38:45Z","Yes","Not Available","2024-08-08T12:48:45Z","If the Sun Never Sets","Not Available","Not Available","Not Available","Not Available","No","Alex","SinglePartBook","B0BH6YH49B","Not Available","Not Available","PENDING"
"Not Available","Not Available","2024-08-08T12:38:45Z","No","Not Available","2024-08-08T12:38:45Z","If the Sun Never Sets","Not Available","Not Available","Not Available","Not Available","No","Alex","SinglePartBook","B0BH6YH49B","Not Available","Not Available","AYCL"
"2024-07-23T11:39:27Z","Not Available","2024-07-23T11:29:26Z","Yes","Not Available","2024-07-23T11:39:27Z","The Rebound","Not Available","Not Available","Not Available","Not Available","No","Alex","SinglePartBook","B0BSXH9WXM","Not Available","Not Available","PENDING"
"Not Available","Not Available","2024-07-23T11:29:26Z","No","Not Available","2024-07-23T11:29:26Z","The Rebound","Not Available","Not Available","Not Available","Not Available","No","Alex","SinglePartBook","B0BSXH9WXM","Not Available","Not Available","AYCL"
"2024-07-13T03:44:17Z","Not Available","2024-07-13T03:34:22Z","Yes","Not Available","2024-07-13T03:44:17Z","A Game of Gods","Not Available","Not Available","Not Available","Not Available","No","Alex","MultiPartBook","B0C4LXH2V5","Not Available","Not Available","PENDING"
"Not Available","Not Available","2024-07-13T03:34:22Z","No","Not Available","2024-07-13T03:34:22Z","A Game of Gods","Not Available","Not Available","Not Available","Not Available","No","Alex","MultiPartBook","B0C4LXH2V5","Not Available","Not Available","PURCHASE"
"2024-07-10T21:38:57Z","Not Available","2024-07-10T21:28:56Z","Yes","Not Available","2024-07-10T21:38:57Z","A Game of Retribution","Not Available","Not Available","Not Available","Not Available","No","Alex","MultiPartBook","B09WZ7NL6D","Not Available","Not Available","PENDING"
"Not Available","Not Available","2024-07-10T21:28:56Z","No","Not Available","2024-07-10T21:28:56Z","A Game of Retribution","Not Available","Not Available","Not Available","Not Available","No","Alex","MultiPartBook","B09WZ7NL6D","Not Available","Not Available","AYCL"
"2024-07-09T21:26:23Z","Not Available","2024-07-09T21:16:22Z","Yes","Not Available","2024-07-09T21:26:23Z","A Touch of Ruin","Not Available","Not Available","Not Available","Not Available","No","Alex","MultiPartBook","1705234046","Not Available","Not Available","PENDING"
"Not Available","Not Available","2024-07-09T21:16:22Z","No","Not Available","2024-07-09T21:16:22Z","A Touch of Ruin","Not Available","Not Available","Not Available","Not Available","No","Alex","MultiPartBook","1705234046","Not Available","Not Available","AYCL"
"Not Available","Not Available","2024-07-08T21:42:34Z","No","Not Available","2024-07-08T21:42:34Z","A Game of Fate","Not Available","Not Available","Not Available","Not Available","No","Alex","SinglePartBook","1705276067","Not Available","Not Available","AYCL"
"2024-07-08T12:19:21Z","Not Available","2024-07-08T12:09:18Z","Yes","Not Available","2024-07-08T12:19:21Z","Hooked","Not Available","Not Available","Not Available","Not Available","No","Alex","SinglePartBook","B09K2MCS1P","Not Available","Not Available","PENDING"
"2024-07-08T12:18:36Z","Not Available","2024-07-08T12:08:35Z","Yes","Not Available","2024-07-08T12:18:36Z","A Touch of Darkness","Not Available","Not Available","Not Available","Not Available","No","Alex","SinglePartBook","170523402X","Not Available","Not Available","PENDING"
"Not Available","Not Available","2024-07-08T12:09:18Z","No","Not Available","2024-07-08T12:09:18Z","Hooked","Not Available","Not Available","Not Available","Not Available","No","Alex","SinglePartBook","B09K2MCS1P","Not Available","Not Available","AYCL"
"Not Available","Not Available","2024-07-08T12:08:35Z","No","Not Available","2024-07-08T12:08:35Z","A Touch of Darkness","Not Available","Not Available","Not Available","Not Available","No","Alex","SinglePartBook","170523402X","Not Available","Not Available","AYCL"
"2024-07-06T19:01:36Z","Not Available","2024-07-06T18:51:43Z","Yes","Not Available","2024-07-06T19:01:36Z","Leather & Lark","Not Available","Not Available","Not Available","Not Available","No","Alex","MultiPartBook","B0CQTGW5SS","Not Available","Not Available","PENDING"
"Not Available","Not Available","2024-07-06T18:51:41Z","No","Not Available","2024-07-06T18:51:41Z","Leather & Lark","Not Available","Not Available","Not Available","Not Available","No","Alex","MultiPartBook","B0CQTGW5SS","Not Available","Not Available","PURCHASE"
"2024-05-17T21:12:03Z","Not Available","2024-05-17T21:02:02Z","Yes","Not Available","2024-05-17T21:12:03Z","King of Sloth","Not Available","Not Available","Not Available","Not Available","No","Alex","MultiPartBook","B0D26ZKHPC","Not Available","Not Available","PENDING"
"Not Available","Not Available","2024-05-17T21:02:00Z","No","Not Available","2024-05-17T21:02:00Z","King of Sloth","Not Available","Not Available","Not Available","Not Available","No","Alex","MultiPartBook","B0D26ZKHPC","Not Available","Not Available","PURCHASE"
"2024-05-17T12:02:59Z","Not Available","2024-05-17T11:52:58Z","Yes","Not Available","2024-05-17T12:02:59Z","King of Greed","Not Available","Not Available","Not Available","Not Available","No","Alex","SinglePartBook","B0CM6QNNBX","Not Available","Not Available","PENDING"
"Not Available","Not Available","2024-05-17T11:52:57Z","No","Not Available","2024-05-17T11:52:57Z","King of Greed","Not Available","Not Available","Not Available","Not Available","No","Alex","SinglePartBook","B0CM6QNNBX","Not Available","Not Available","PURCHASE"
"2024-05-16T03:01:34Z","Not Available","2024-05-16T02:51:41Z","Yes","Not Available","2024-05-16T03:01:34Z","King of Pride","Not Available","Not Available","Not Available","Not Available","No","Alex","SinglePartBook","B0C7CZ4LJW","Not Available","Not Available","PENDING"
"Not Available","Not Available","2024-05-16T02:51:42Z","No","Not Available","2024-05-16T02:51:42Z","King of Pride","Not Available","Not Available","Not Available","Not Available","No","Alex","SinglePartBook","B0C7CZ4LJW","Not Available","Not Available","PURCHASE"
"2024-05-14T21:49:20Z","Not Available","2024-05-14T21:39:26Z","Yes","Not Available","2024-05-14T21:49:20Z","King of Wrath","Not Available","Not Available","Not Available","Not Available","No","Alex","MultiPartBook","B0BZQJT6YM","Not Available","Not Available","PENDING"
"Not Available","Not Available","2024-05-14T21:39:26Z","No","Not Available","2024-05-14T21:39:26Z","King of Wrath","Not Available","Not Available","Not Available","Not Available","No","Alex","MultiPartBook","B0BZQJT6YM","Not Available","Not Available","PURCHASE"
"Not Available","Not Available","2024-05-05T19:30:13Z","No","Not Available","2024-05-05T19:30:13Z","The Idea of You","Not Available","Not Available","Not Available","Not Available","No","Alex","SinglePartBook","B07C8M8V7M","Not Available","Not Available","AYCL"
"2024-05-03T03:40:34Z","Not Available","2024-05-03T03:30:33Z","Yes","Not Available","2024-05-03T03:40:34Z","Hudson","Not Available","Not Available","Not Available","Not Available","No","Alex","MultiPartBook","B00N0XCXCM","Not Available","Not Available","PENDING"
"Not Available","Not Available","2024-05-03T02:02:02Z","No","Not Available","2024-05-03T02:02:02Z","Hudson","Not Available","Not Available","Not Available","Not Available","No","Alex","MultiPartBook","B00N0XCXCM","Not Available","Not Available","PURCHASE"
"2024-05-02T11:47:29Z","Not Available","2024-05-02T11:37:27Z","Yes","Not Available","2024-05-02T11:47:29Z","Forever with You","Not Available","Not Available","Not Available","Not Available","No","Alex","MultiPartBook","B00JG5WZ76","Not Available","Not Available","PENDING"
"Not Available","Not Available","2024-05-02T11:37:27Z","No","Not Available","2024-05-02T11:37:27Z","Forever with You","Not Available","Not Available","Not Available","Not Available","No","Alex","MultiPartBook","B00JG5WZ76","Not Available","Not Available","PURCHASE"
"2024-05-01T03:55:40Z","Not Available","2024-05-01T03:45:39Z","Yes","Not Available","2024-05-01T03:55:40Z","Found in You","Not Available","Not Available","Not Available","Not Available","No","Alex","MultiPartBook","B00JG4DA9Y","Not Available","Not Available","PENDING"
"Not Available","Not Available","2024-05-01T03:45:38Z","No","Not Available","2024-05-01T03:45:38Z","Found in You","Not Available","Not Available","Not Available","Not Available","No","Alex","MultiPartBook","B00JG4DA9Y","Not Available","Not Available","PURCHASE"
"2024-04-30T11:50:21Z","Not Available","2024-04-30T11:40:37Z","Yes","Not Available","2024-04-30T11:50:21Z","Fixed on You","Not Available","Not Available","Not Available","Not Available","No","Alex","MultiPartBook","B00J2ZLLKM","Not Available","Not Available","PENDING"
"Not Available","Not Available","2024-04-30T11:40:31Z","No","Not Available","2024-04-30T11:40:31Z","Fixed on You","Not Available","Not Available","Not Available","Not Available","No","Alex","MultiPartBook","B00J2ZLLKM","Not Available","Not Available","PURCHASE"
"2024-04-26T20:35:20Z","Not Available","2024-04-26T20:11:05Z","Yes","Not Available","2024-04-26T20:35:20Z","The Bookworm Crush","Not Available","Not Available","Not Available","Not Available","No","Alex","SinglePartBook","1541440420","Not Available","Not Available","AYCL"
"Not Available","Not Available","2024-04-26T20:14:25Z","No","Not Available","2024-04-26T20:14:25Z","Perfectly Imperfect","Not Available","Not Available","Not Available","Not Available","No","Alex","SinglePartBook","B01B8L2C5U","Not Available","Not Available","AYCL"
"Not Available","Not Available","2024-04-26T20:12:34Z","No","Not Available","2024-04-26T20:12:34Z","33 Unplayed Voicemails","Not Available","Not Available","Not Available","Not Available","No","Alex","SinglePartBook","B0B9P1675T","Not Available","Not Available","AYCL"
"Not Available","Not Available","2024-04-26T20:12:03Z","No","Not Available","2024-04-26T20:12:03Z","A Royally Inconvenient Marriage","Not Available","Not Available","Not Available","Not Available","No","Alex","SinglePartBook","1630158151","Not Available","Not Available","AYCL"
"Not Available","Not Available","2024-04-26T20:11:41Z","No","Not Available","2024-04-26T20:11:41Z","Heidi's Guide to Four Letter Words","Not Available","Not Available","Not Available","Not Available","No","Alex","SinglePartBook","B07SXD435V","Not Available","Not Available","AYCL"
"Not Available","Not Available","2024-04-26T20:11:31Z","No","Not Available","2024-04-26T20:11:31Z","A Murder to Remember","Not Available","Not Available","Not Available","Not Available","No","Alex","SinglePartBook","B0CT5ZJ3YQ","Not Available","Not Available","AYCL"
"Not Available","Not Available","2024-04-26T20:06:00Z","No","Not Available","2024-04-26T20:06:00Z","Kismet","Not Available","Not Available","Not Available","Not Available","No","Alex","SinglePartBook","B09QD41MT2","Not Available","Not Available","AYCL"
"2024-04-23T22:01:39Z","Not Available","2024-04-23T21:51:38Z","Yes","Not Available","2024-04-23T22:01:39Z","Never Have I Ever","Not Available","Not Available","Not Available","Not Available","No","Alex","SinglePartBook","B07RXMCMND","Not Available","Not Available","PENDING"
"2024-04-23T22:00:17Z","Not Available","2024-04-23T21:50:16Z","Yes","Not Available","2024-04-23T22:00:17Z","After the Fairy Tale","Not Available","Not Available","Not Available","Not Available","No","Alex","SinglePartBook","B08MQT6LZB","Not Available","Not Available","PENDING"
"Not Available","Not Available","2024-04-23T21:51:38Z","No","Not Available","2024-04-23T21:51:38Z","Never Have I Ever","Not Available","Not Available","Not Available","Not Available","No","Alex","SinglePartBook","B07RXMCMND","Not Available","Not Available","AYCL"
"Not Available","Not Available","2024-04-23T21:50:16Z","No","Not Available","2024-04-23T21:50:16Z","After the Fairy Tale","Not Available","Not Available","Not Available","Not Available","No","Alex","SinglePartBook","B08MQT6LZB","Not Available","Not Available","AYCL"
"Not Available","Not Available","2024-04-19T11:39:02Z","No","Not Available","2024-04-19T11:39:02Z","American King","Not Available","Not Available","Not Available","Not Available","No","Alex","MultiPartBook","B07B8W2TPN","Not Available","Not Available","AYCL"
"Not Available","Not Available","2024-04-19T11:39:01Z","No","Not Available","2024-04-19T11:39:01Z","American Prince","Not Available","Not Available","Not Available","Not Available","No","Alex","SinglePartBook","B071GW6MB7","Not Available","Not Available","AYCL"
"2024-04-18T17:49:34Z","Not Available","2024-04-18T17:39:34Z","Yes","Not Available","2024-04-18T17:49:34Z","My Dark Romeo","Not Available","Not Available","Not Available","Not Available","No","Alex","MultiPartBook","B0BY3CD2VH","Not Available","Not Available","PENDING"
"Not Available","Not Available","2024-04-18T17:39:33Z","No","Not Available","2024-04-18T17:39:33Z","My Dark Romeo","Not Available","Not Available","Not Available","Not Available","No","Alex","MultiPartBook","B0BY3CD2VH","Not Available","Not Available","PURCHASE"
"Not Available","Not Available","2024-04-18T17:26:11Z","No","Not Available","2024-04-18T17:26:11Z","The Fix Up","Not Available","Not Available","Not Available","Not Available","No","Alex","SinglePartBook","1799911438","Not Available","Not Available","AYCL"
"2024-04-18T17:09:58Z","Not Available","2024-04-18T16:59:57Z","Yes","Not Available","2024-04-18T17:09:58Z","Romancing Mister Bridgerton","Not Available","Not Available","Not Available","Not Available","No","Alex","MultiPartBook","B06Y2GNSLR","Not Available","Not Available","PENDING"
"2024-04-18T17:09:49Z","Not Available","2024-04-18T16:59:48Z","Yes","Not Available","2024-04-18T17:09:49Z","An Offer from a Gentleman","Not Available","Not Available","Not Available","Not Available","No","Alex","MultiPartBook","B01N1ME7ST","Not Available","Not Available","PENDING"
"2024-04-18T17:09:40Z","Not Available","2024-04-18T16:59:39Z","Yes","Not Available","2024-04-18T17:09:40Z","The Viscount Who Loved Me","Not Available","Not Available","Not Available","Not Available","No","Alex","MultiPartBook","B01MDMHYZG","Not Available","Not Available","PENDING"
"2024-04-18T17:09:12Z","Not Available","2024-04-18T16:59:11Z","Yes","Not Available","2024-04-18T17:09:12Z","The Duke and I","Not Available","Not Available","Not Available","Not Available","No","Alex","MultiPartBook","B01LWTY1ID","Not Available","Not Available","PENDING"
"Not Available","Not Available","2024-04-18T16:59:57Z","No","Not Available","2024-04-18T16:59:57Z","Romancing Mister Bridgerton","Not Available","Not Available","Not Available","Not Available","No","Alex","MultiPartBook","B06Y2GNSLR","Not Available","Not Available","AYCL"
"Not Available","Not Available","2024-04-18T16:59:48Z","No","Not Available","2024-04-18T16:59:48Z","An Offer from a Gentleman","Not Available","Not Available","Not Available","Not Available","No","Alex","MultiPartBook","B01N1ME7ST","Not Available","Not Available","AYCL"
"Not Available","Not Available","2024-04-18T16:59:39Z","No","Not Available","2024-04-18T16:59:39Z","The Viscount Who Loved Me","Not Available","Not Available","Not Available","Not Available","No","Alex","MultiPartBook","B01MDMHYZG","Not Available","Not Available","AYCL"
"Not Available","Not Available","2024-04-18T16:59:11Z","No","Not Available","2024-04-18T16:59:11Z","The Duke and I","Not Available","Not Available","Not Available","Not Available","No","Alex","MultiPartBook","B01LWTY1ID","Not Available","Not Available","AYCL"
"2024-04-16T19:03:37Z","Not Available","2024-04-16T18:53:36Z","Yes","Not Available","2024-04-16T19:03:37Z","Getting Schooled","Not Available","Not Available","Not Available","Not Available","No","Alex","SinglePartBook","B07956GH9Z","Not Available","Not Available","PENDING"
"Not Available","Not Available","2024-04-16T18:53:36Z","No","Not Available","2024-04-16T18:53:36Z","Getting Schooled","Not Available","Not Available","Not Available","Not Available","No","Alex","SinglePartBook","B07956GH9Z","Not Available","Not Available","AYCL"
"Not Available","Not Available","2024-04-15T06:10:33Z","No","Not Available","2024-04-15T06:10:33Z","P.S. It's Always Been You: Part 3","Not Available","Not Available","Not Available","Not Available","No","Alex","SinglePartBook","B083QPLSZC","Not Available","Not Available","AYCL"
"Not Available","Not Available","2024-04-15T06:10:32Z","No","Not Available","2024-04-15T06:10:32Z","P.S. It's Always Been You: Part 2","Not Available","Not Available","Not Available","Not Available","No","Alex","SinglePartBook","B083QP35Z7","Not Available","Not Available","AYCL"
"Not Available","Not Available","2024-04-15T06:10:30Z","No","Not Available","2024-04-15T06:10:30Z","P.S. It's Always Been You: Part 1","Not Available","Not Available","Not Available","Not Available","No","Alex","SinglePartBook","B083QPK6X9","Not Available","Not Available","AYCL"
"2024-04-12T23:29:06Z","Not Available","2024-04-12T23:19:05Z","Yes","Not Available","2024-04-12T23:29:06Z","The Accidental Dating Experiment","Not Available","Not Available","Not Available","Not Available","No","Alex","SinglePartBook","B0CY5SZ44G","Not Available","Not Available","PENDING"
"Not Available","Not Available","2024-04-12T23:19:05Z","No","Not Available","2024-04-12T23:19:05Z","The Accidental Dating Experiment","Not Available","Not Available","Not Available","Not Available","No","Alex","SinglePartBook","B0CY5SZ44G","Not Available","Not Available","AYCL"
"2024-04-11T21:50:11Z","Not Available","2024-04-11T21:40:09Z","Yes","Not Available","2024-04-11T21:50:11Z","Still Hung Up on You","Not Available","Not Available","Not Available","Not Available","No","Alex","SinglePartBook","B0CC36WCZY","Not Available","Not Available","PENDING"
"2024-04-11T21:47:30Z","Not Available","2024-04-11T21:37:29Z","Yes","Not Available","2024-04-11T21:47:30Z","Lucky Suit","Not Available","Not Available","Not Available","Not Available","No","Alex","SinglePartBook","B07M79KY6L","Not Available","Not Available","PENDING"
"Not Available","Not Available","2024-04-11T21:40:10Z","No","Not Available","2024-04-11T21:40:10Z","Still Hung Up on You","Not Available","Not Available","Not Available","Not Available","No","Alex","SinglePartBook","B0CC36WCZY","Not Available","Not Available","AYCL"
"2024-04-11T21:37:50Z","Not Available","2024-04-11T21:27:48Z","Yes","Not Available","2024-04-11T21:37:50Z","Maybe This Time","Not Available","Not Available","Not Available","Not Available","No","Alex","SinglePartBook","B0CXYXDMRQ","Not Available","Not Available","PENDING"
"Not Available","Not Available","2024-04-11T21:37:30Z","No","Not Available","2024-04-11T21:37:30Z","Lucky Suit","Not Available","Not Available","Not Available","Not Available","No","Alex","SinglePartBook","B07M79KY6L","Not Available","Not Available","AYCL"
"Not Available","Not Available","2024-04-11T21:27:48Z","No","Not Available","2024-04-11T21:27:48Z","Maybe This Time","Not Available","Not Available","Not Available","Not Available","No","Alex","SinglePartBook","B0CXYXDMRQ","Not Available","Not Available","AYCL"
"2024-04-11T19:58:06Z","Not Available","2024-04-11T19:48:13Z","Yes","Not Available","2024-04-11T19:58:06Z","Butcher & Blackbird","Not Available","Not Available","Not Available","Not Available","No","Alex","SinglePartBook","B0CK8TTLS8","Not Available","Not Available","PENDING"
"Not Available","Not Available","2024-04-11T19:48:13Z","No","Not Available","2024-04-11T19:48:13Z","Butcher & Blackbird","Not Available","Not Available","Not Available","Not Available","No","Alex","SinglePartBook","B0CK8TTLS8","Not Available","Not Available","PURCHASE"
"2024-04-11T08:07:58Z","Not Available","2024-04-11T07:57:57Z","Yes","Not Available","2024-04-11T08:07:58Z","Think Outside the Boss","Not Available","Not Available","Not Available","Not Available","No","Alex","SinglePartBook","B09J98P1GX","Not Available","Not Available","PENDING"
"Not Available","Not Available","2024-04-11T07:57:57Z","No","Not Available","2024-04-11T07:57:57Z","Think Outside the Boss","Not Available","Not Available","Not Available","Not Available","No","Alex","SinglePartBook","B09J98P1GX","Not Available","Not Available","AYCL"
"2024-04-10T21:58:39Z","Not Available","2024-04-10T21:48:38Z","Yes","Not Available","2024-04-10T21:58:39Z","The Royal Assignment","Not Available","Not Available","Not Available","Not Available","No","Alex","SinglePartBook","B09KVJR2VP","Not Available","Not Available","PENDING"
"Not Available","Not Available","2024-04-10T21:48:38Z","No","Not Available","2024-04-10T21:48:38Z","The Royal Assignment","Not Available","Not Available","Not Available","Not Available","No","Alex","SinglePartBook","B09KVJR2VP","Not Available","Not Available","AYCL"
"2024-04-06T04:29:29Z","Not Available","2024-04-06T04:19:28Z","Yes","Not Available","2024-04-06T04:29:29Z","American Queen","Not Available","Not Available","Not Available","Not Available","No","Alex","MultiPartBook","B071YF9J3C","Not Available","Not Available","PENDING"
"Not Available","Not Available","2024-04-06T04:19:28Z","No","Not Available","2024-04-06T04:19:28Z","American Queen","Not Available","Not Available","Not Available","Not Available","No","Alex","MultiPartBook","B071YF9J3C","Not Available","Not Available","AYCL"
"2024-03-29T21:38:32Z","Not Available","2024-03-29T21:28:30Z","Yes","Not Available","2024-03-29T21:38:32Z","Seatmate","Not Available","Not Available","Not Available","Not Available","No","Alex","SinglePartBook","B09V3FZKGH","Not Available","Not Available","PENDING"
"2024-03-29T21:38:26Z","Not Available","2024-03-29T21:28:25Z","Yes","Not Available","2024-03-29T21:38:26Z","Sweet Talk","Not Available","Not Available","Not Available","Not Available","No","Alex","SinglePartBook","B08YH4N5DY","Not Available","Not Available","PENDING"
"2024-03-29T21:37:05Z","Not Available","2024-03-29T21:27:04Z","Yes","Not Available","2024-03-29T21:37:05Z","Love at First Psych","Not Available","Not Available","Not Available","Not Available","No","Alex","SinglePartBook","B0BRQW85G9","Not Available","Not Available","PENDING"
"Not Available","Not Available","2024-03-29T21:28:30Z","No","Not Available","2024-03-29T21:28:30Z","Seatmate","Not Available","Not Available","Not Available","Not Available","No","Alex","SinglePartBook","B09V3FZKGH","Not Available","Not Available","AYCL"
"Not Available","Not Available","2024-03-29T21:28:25Z","No","Not Available","2024-03-29T21:28:25Z","Sweet Talk","Not Available","Not Available","Not Available","Not Available","No","Alex","SinglePartBook","B08YH4N5DY","Not Available","Not Available","AYCL"
"Not Available","Not Available","2024-03-29T21:27:04Z","No","Not Available","2024-03-29T21:27:04Z","Love at First Psych","Not Available","Not Available","Not Available","Not Available","No","Alex","SinglePartBook","B0BRQW85G9","Not Available","Not Available","AYCL"
"Not Available","Not Available","2024-03-27T11:15:05Z","No","Not Available","2024-03-27T11:15:05Z","The Do-Over","Not Available","Not Available","Not Available","Not Available","No","Alex","MultiPartBook","B0B723894M","Not Available","Not Available","PURCHASE"
"Not Available","Not Available","2024-03-26T11:03:45Z","No","Not Available","2024-03-26T11:03:45Z","The Casanova","Not Available","Not Available","Not Available","Not Available","No","Alex","MultiPartBook","1713614766","Not Available","Not Available","PURCHASE"
"2024-03-21T02:48:57Z","Not Available","2024-03-21T02:39:02Z","Yes","Not Available","2024-03-21T02:48:57Z","One with You","Not Available","Not Available","Not Available","Not Available","No","Alex","MultiPartBook","B01D3ERCKA","Not Available","Not Available","PENDING"
"Not Available","Not Available","2024-03-21T02:39:02Z","No","Not Available","2024-03-21T02:39:02Z","One with You","Not Available","Not Available","Not Available","Not Available","No","Alex","MultiPartBook","B01D3ERCKA","Not Available","Not Available","PURCHASE"
"2024-03-20T05:26:34Z","Not Available","2024-03-20T05:16:43Z","Yes","Not Available","2024-03-20T05:26:34Z","Captivated by You","Not Available","Not Available","Not Available","Not Available","No","Alex","MultiPartBook","B00OL7ONK6","Not Available","Not Available","PENDING"
"Not Available","Not Available","2024-03-20T05:16:42Z","No","Not Available","2024-03-20T05:16:42Z","Captivated by You","Not Available","Not Available","Not Available","Not Available","No","Alex","MultiPartBook","B00OL7ONK6","Not Available","Not Available","PURCHASE"
"2024-03-19T05:51:01Z","Not Available","2024-03-19T05:41:12Z","Yes","Not Available","2024-03-19T05:51:01Z","Entwined with You","Not Available","Not Available","Not Available","Not Available","No","Alex","MultiPartBook","B00BR1TWMS","Not Available","Not Available","PENDING"
"Not Available","Not Available","2024-03-19T05:41:07Z","No","Not Available","2024-03-19T05:41:07Z","Entwined with You","Not Available","Not Available","Not Available","Not Available","No","Alex","MultiPartBook","B00BR1TWMS","Not Available","Not Available","PURCHASE"
"2024-03-18T22:00:17Z","Not Available","2024-03-18T21:50:27Z","Yes","Not Available","2024-03-18T22:00:17Z","Reflected in You","Not Available","Not Available","Not Available","Not Available","No","Alex","MultiPartBook","B009M8YHCI","Not Available","Not Available","PENDING"
"Not Available","Not Available","2024-03-18T21:50:22Z","No","Not Available","2024-03-18T21:50:22Z","Reflected in You","Not Available","Not Available","Not Available","Not Available","No","Alex","MultiPartBook","B009M8YHCI","Not Available","Not Available","PURCHASE"
"Not Available","Not Available","2024-03-17T04:30:29Z","No","Not Available","2024-03-17T04:30:29Z","Surrender to Me","Not Available","Not Available","Not Available","Not Available","No","Alex","SinglePartBook","1630150274","Not Available","Not Available","AYCL"
"Not Available","Not Available","2024-03-16T18:45:32Z","No","Not Available","2024-03-16T18:45:32Z","Teach Me","Not Available","Not Available","Not Available","Not Available","No","Alex","SinglePartBook","1630150266","Not Available","Not Available","AYCL"
"2024-03-16T01:34:04Z","Not Available","2024-03-16T01:24:02Z","Yes","Not Available","2024-03-16T01:34:04Z","Tempt Me","Not Available","Not Available","Not Available","Not Available","No","Alex","SinglePartBook","1630150207","Not Available","Not Available","PENDING"
"Not Available","Not Available","2024-03-16T01:24:02Z","No","Not Available","2024-03-16T01:24:02Z","Tempt Me","Not Available","Not Available","Not Available","Not Available","No","Alex","SinglePartBook","1630150207","Not Available","Not Available","AYCL"
"Not Available","Not Available","2024-03-11T07:13:28Z","No","Not Available","2024-03-11T07:13:28Z","Royal Valentine","Not Available","Not Available","Not Available","Not Available","No","Alex","SinglePartBook","B0CRVY153B","Not Available","Not Available","PURCHASE"
"Not Available","Not Available","2024-03-11T07:13:28Z","No","Not Available","2024-03-11T07:13:28Z","Drop, Cover, and Hold On","Not Available","Not Available","Not Available","Not Available","No","Alex","SinglePartBook","B0CRVYD6KZ","Not Available","Not Available","PURCHASE"
"Not Available","Not Available","2024-03-11T07:13:24Z","No","Not Available","2024-03-11T07:13:24Z","With Any Luck","Not Available","Not Available","Not Available","Not Available","No","Alex","SinglePartBook","B0CRVYQJS2","Not Available","Not Available","PURCHASE"
"Not Available","Not Available","2024-03-11T07:12:58Z","No","Not Available","2024-03-11T07:12:58Z","Worst Wingman Ever","Not Available","Not Available","Not Available","Not Available","No","Alex","SinglePartBook","B0CRVYCCZ2","Not Available","Not Available","PURCHASE"
"Not Available","Not Available","2024-03-11T07:12:52Z","No","Not Available","2024-03-11T07:12:52Z","Rosie and the Dreamboat","Not Available","Not Available","Not Available","Not Available","No","Alex","SinglePartBook","B0CRVY7QFH","Not Available","Not Available","PURCHASE"
"Not Available","Not Available","2024-03-11T07:11:07Z","No","Not Available","2024-03-11T07:11:07Z","Same Time Next Year","Not Available","Not Available","Not Available","Not Available","No","Alex","SinglePartBook","B0CMKD88KV","Not Available","Not Available","PURCHASE"
"Not Available","Not Available","2024-03-11T07:04:26Z","No","Not Available","2024-03-11T07:04:26Z","The Marriage Auction: Book One","Not Available","Not Available","Not Available","Not Available","No","Alex","SinglePartBook","B0BR8HRN66","Not Available","Not Available","PURCHASE"
"Not Available","Not Available","2024-03-10T23:05:59Z","No","Not Available","2024-03-10T23:05:59Z","The Takeover","Not Available","Not Available","Not Available","Not Available","No","Alex","MultiPartBook","1799759121","Not Available","Not Available","PURCHASE"
"2024-03-07T22:36:49Z","Not Available","2024-03-07T22:26:57Z","Yes","Not Available","2024-03-07T22:36:49Z","Credence","Not Available","Not Available","Not Available","Not Available","No","Alex","MultiPartBook","B08ML5CZMS","Not Available","Not Available","PENDING"
"Not Available","Not Available","2024-03-07T22:26:55Z","No","Not Available","2024-03-07T22:26:55Z","Credence","Not Available","Not Available","Not Available","Not Available","No","Alex","MultiPartBook","B08ML5CZMS","Not Available","Not Available","PURCHASE"
"Not Available","Not Available","2024-03-04T00:25:27Z","No","Not Available","2024-03-04T00:25:27Z","The Stopover","Not Available","Not Available","Not Available","Not Available","No","Alex","MultiPartBook","1799748928","Not Available","Not Available","PURCHASE"
"2024-03-01T13:06:27Z","Not Available","2024-03-01T12:56:26Z","Yes","Not Available","2024-03-01T13:06:27Z","Twisted Hate","Not Available","Not Available","Not Available","Not Available","No","Alex","MultiPartBook","B0B6GRLKR1","Not Available","Not Available","PENDING"
"Not Available","Not Available","2024-03-01T12:56:24Z","No","Not Available","2024-03-01T12:56:24Z","Twisted Hate","Not Available","Not Available","Not Available","Not Available","No","Alex","MultiPartBook","B0B6GRLKR1","Not Available","Not Available","PURCHASE"
"Not Available","Not Available","2024-02-24T02:54:16Z","No","Not Available","2024-02-24T02:54:16Z","The Exception to the Rule","Not Available","Not Available","Not Available","Not Available","No","Alex","SinglePartBook","B0CRVYF4CJ","Not Available","Not Available","PURCHASE"
"2023-10-09T15:56:44Z","Not Available","2023-10-09T15:46:43Z","Yes","Not Available","2023-10-09T15:56:44Z","Killers of the Flower Moon","Not Available","Not Available","Not Available","Not Available","No","Alex","SinglePartBook","B01NAEEJJV","Not Available","Not Available","PENDING"
"Not Available","Not Available","2023-10-09T15:47:43Z","No","Not Available","2023-10-09T15:47:43Z","Killers of the Flower Moon","Not Available","Not Available","Not Available","Not Available","No","Alex","SinglePartBook","B01NAEEJJV","Not Available","Not Available","PURCHASE"
